<?xml version="1.0" encoding="UTF-8" standalone="yes"?>
<manifest>
  <control namespace="TinyMcePcf" constructor="TinyMcePcf" version="0.0.1" display-name-key="TinyMcePcf" description-key="TinyMce rich text PCF control which use tinymce-react component. This component need TinyMce ApiKey. " control-type="virtual" api-version="1.3.5">
    <external-service-usage enabled="false"/>
    <property name="RichText" display-name-key="RichText_Display_Key" description-key="RichText_Desc_Key" of-type="Multiple" usage="bound" required="true"/>
    <property name="ApiKey" display-name-key="ApiKey_Display_Key" description-key="ApiKey_Desc_Key" of-type="SingleLine.Text" usage="input" required="false"/>
    <resources>
      <code path="bundle.js" order="1"/>
      <platform-library name="React" version="16.8.6"/>
      <platform-library name="Fluent" version="8.29.0"/>
      <css path="css/TinyMcePcf.css" order="1"/>
      <resx path="strings/TinyMcePcf.1033.resx" version="1.0.0"/>
    </resources>
    <built-by name="pac" version="1.26.5"/>
  </control>
</manifest>